ip,ts,event
192.168.100.1,2026-03-21T13:35:26.982150Z,cowrie.session.connect
192.168.100.1,2026-03-21T13:35:26.982863Z,cowrie.client.version
192.168.100.1,2026-03-21T13:35:26.985597Z,cowrie.client.kex
192.168.100.1,2026-03-21T13:35:27.109552Z,cowrie.session.closed
192.168.100.1,2026-03-21T13:36:38.921829Z,cowrie.session.connect
192.168.100.1,2026-03-21T13:36:38.924067Z,cowrie.client.version
192.168.100.1,2026-03-21T13:36:38.926302Z,cowrie.client.kex
192.168.100.1,2026-03-21T13:36:41.276389Z,cowrie.login.failed
192.168.100.1,2026-03-21T13:36:54.837497Z,cowrie.login.failed
192.168.100.1,2026-03-21T13:37:00.432572Z,cowrie.login.failed
192.168.100.1,2026-03-21T13:37:01.438471Z,cowrie.session.closed
192.168.100.1,2026-03-21T13:51:17.827367Z,cowrie.session.connect
192.168.100.1,2026-03-21T13:51:17.833656Z,cowrie.client.version
192.168.100.1,2026-03-21T13:51:17.843580Z,cowrie.client.kex
192.168.100.1,2026-03-21T13:51:19.984967Z,cowrie.login.failed
192.168.100.1,2026-03-21T13:51:23.264504Z,cowrie.login.failed
192.168.100.1,2026-03-21T13:51:26.207175Z,cowrie.login.failed
192.168.100.1,2026-03-21T13:51:27.214429Z,cowrie.session.closed
